Name,Picture URL,Description,First Appearance,Creator Name,Species,Gender
Cinnamoroll,https://www.sanrio.com.hk/_ul/character_profile_cinnamoroll.png,"Cinnamoroll is a small, chubby dog that lives on a cloud far up in the sky together with his family and friends. Though he can be a bit shy, Cinnamoroll is friendly and helps out his friends when they need him. He works at Cafe Cinnamon where he sometimes sleeps on customers’ laps.",2002,Yuko Shimizu,Dog,Male
Azuki,https://cdn.shopify.com/s/files/1/0683/0194/7201/files/azuki_480x480.png,"Azuki is a member of the Cinnamonangels, known to be calm though sometimes she can be slightly off-tempo by making sharp remarks. She runs a traditional sweets shop called Angelan. Azuki’s dream is to become a true Japanese lady someday.",2004,Yuko Shimizu,Dog,Female
Chiffon,https://cdn.shopify.com/s/files/1/0683/0194/7201/files/sub-cinnamon-chiffon_36af572e-4fbd-4309-9d6c-73fd2e84d7db_480x480.png,"Chiffon is an athletic and energetic little puppy that can come up with games for her friends on the spot. Together with Mocha and Azuki, this cutie is part of the idol group Cinnamoangels. Her charm point is her fluffy ears that look a lot like chiffon cake!",2004,Yuko Shimizu,Dog,Female
Mocha,https://cdn.shopify.com/s/files/1/0683/0194/7201/files/sub-cinnamon-mocha_480x480.png,"The leader of the Cinnamoangels, Mocha is a kind and caring friend. She’s an older sister figure to Cinnamoroll. Fashionable and chatty, Mocha loves talking to customers at Cafe Cinnamon. She dreams of hosting a fashion show of her own someday.",2004,Yuko Shimizu,Dog,Female
Lloromannic,https://cdn.shopify.com/s/files/1/0683/0194/7201/files/lloromanic_480x480.png,"This devilish demon duo is formed by Berry, a little boy demon with big ram horns, and Cherry, a girl demon with bat wings and fangs. These two live in an abandoned gothic mansion.",2005,Sanrio,Demon,"Male (Berry), Female (Cherry)"
Poponen,https://cdn.shopify.com/s/files/1/0683/0194/7201/files/stamp16_480x480.png,"Poponen is an otter from the future and the mascot of SINANEN Akari no Mori Denki. He is the keeper of the Akari no Mori, the Forest of Light, where he met Cinnamoroll.",2010,Sanrio & SINANEN,Otter,Male
Pompompurin,https://static.wikia.nocookie.net/hellokitty/images/5/5e/Sanrio_Characters_Pompompurin_Image009.gif,Pompompurin is a good-natured golden retriever who loves spending time with friends. He lives in his own little basket at the entrance of his sister-owner’s house and enjoys collecting shoes.,1996,Sanrio,Dog,Male
Muffin,https://cdn.shopify.com/s/files/1/0683/0194/7201/files/sub-pompompurin-muffin_480x480.png,Muffin is a smart hamster and Pompompurin's best friend. He loves cracking open nuts and storing them in his cheeks. He often hides inside Pompompurin’s beret.,1996,Sato Masako,Hamster,Male
Kuromi,https://static.wikia.nocookie.net/sanrio/images/8/88/Kuromi.png,"Kuromi is a cool and cute white rabbit with a black jester's hat. Though a villain, she's very girly and enjoys romantic stories and good food.",2005,Mami Kawai,Rabbit,Female
Baku,https://static.wikia.nocookie.net/hellokitty/images/7/76/Sanrio_Characters_Baku_Image002.png,"Baku is Kuromi’s sidekick, a purple boy tapir with the ability to sniff dreams. He’s a chill character who doesn't let things like Kuromi’s teasing affect him.",2005,Mami Kawai,Tapir,Male
Romina,https://cdn.shopify.com/s/files/1/0683/0194/7201/files/Romina_480x480.jpg,"Romina is Kuromi’s older sister, whose true identity is a magical wishing stone. She came to life because of Kuromi’s wish to have a cool, cute, and mysterious older sibling.",2005,Sanrio,Magical Being,Female
Pochacco,https://cdn.shopify.com/s/files/1/0683/0194/7201/files/0ad769ac8509f33b68d3ee0a5ea51f5d_480x480.jpg,"Pochacco is a sporty white dog with black floppy ears. He loves athletic activities and is known for being active, though he often trips.",1989,Sanrio,Dog,Male
Choppy,https://cdn.shopify.com/s/files/1/0683/0194/7201/files/sub-pochacco-choppi.png,Choppy is a sweet and kind-hearted mouse who is Pochacco's best friend and always cheers him on during his sporting adventures.,1989,Sanrio,Mouse,Male
Pi-Chans,https://cdn.shopify.com/s/files/1/0683/0194/7201/files/217920-0242f_b609fcfd-0476-412f-8b34-4130e63f5026_480x480.jpg,"Pi-Chans are a trio of chick sisters named Piyo, Pico, and Peep. They are known for their beautiful three-part chorus and mischievous charm.",1990,Sanrio,Bird (Chick),Female
Hello Kitty,https://static.wikia.nocookie.net/sanrio/images/1/10/Hello-kitty.png,"Based on a white Japanese bobtail cat, Hello Kitty is one of the biggest icons of the kawaii-sphere. Living in the suburbs of London with Mimmy and the rest of her family, Hello Kitty is a bright, kind-hearted girl. She’s as tall as five apples and weighs as much as three. Hello Kitty is very close to her twin, Mimmy. She’s good at baking, likes to play the piano, and collects cute things.",1974,Yuko Shimizu,Cat,Female
Mimmy,https://cdn.shopify.com/s/files/1/0683/0194/7201/files/sub-hellokitty-mimmy_cf0d8a49-ce48-4ac1-9cc8-693b5762251c_480x480.png,"Hello Kitty’s twin, Mimmy is a cat that looks a whole lot like her sister with her beautiful white hair. The only difference is that she wears her ribbon on the right side of her ear (Hello Kitty wears it on the left). Unlike her sister who is curious, active, and a tad bit reckless, Mimmy is polite and homely. Sometimes she has to hold Kitty back from doing rash things!",1974,Yuko Shimizu,Cat,Female
Tiny Chum,https://cdn.shopify.com/s/files/1/0683/0194/7201/files/sub-hellokitty-tinychum_79b55d6a-6a3a-42d8-8563-fb541d34f14b_480x480.png,"Hello Kitty’s best friend, Tiny Chum can be a bit mischievous. Sometimes he imitates Kitty by wearing a ribbon on his head. He ends up living at Kitty’s house after his father moves to New York for work. Tiny Chum has six siblings with different colors (cafe au lait, pink, light blue, yellow, lilac, and mint green.)",1995,Sanrio,Bear,Male
Dear Daniel,https://cdn.shopify.com/s/files/1/0683/0194/7201/files/50f01aaa2192c437b18de2839b0458aa_480x480.jpg,"Dear Daniel’s full name is Daniel Starr. This cutie is based on a Japanese male bobtail cat, just like Hello Kitty. Trendy, sensitive, and naive, Dear Daniel is Hello Kitty’s boyfriend.",1999,Sanrio,Cat,Male
Charmmy Kitty,https://static.wikia.nocookie.net/hellokitty/images/b/bb/Sanrio_Characters_Charmmy_Kitty_Image008.png,"Hello Kitty’s pet cat, Charmmy Kitty is cute, spunky, and friendly. She was named Charmmy since she wears the key to Kitty’s jewelry around her neck. Though she is kind and polite, Charmmy can be sassy at times.",2004,Sanrio,Cat,Female
My Melody,https://media2.giphy.com/media/U7VI2RFA6VcH2Gm7H9/source.gif,"A white rabbit character, My Melody debuted as the kawaii version of Little Red Riding Hood. This honest, good-natured girl is best friends with Hello Kitty. You can also call her by the name My Melo. My Melody lives in the magical forest of Mariland together with all her animal friends! She loves pound cake a lot.",1975,Yasuko Matsumoto,Rabbit,Female
Araiguma,https://cdn.shopify.com/s/files/1/0683/0194/7201/files/sub-mymelody-raccoon_480x480.png,"Araiguma is a yellow raccoon character with black pointy ears, a striped tail, and an orange oval nose. This cutie loves cleanliness and observing things.",1979,Sanrio,Raccoon,Male
Flat,https://cdn.shopify.com/s/files/1/0683/0194/7201/files/EKtbMbnUUAAGJLa_480x480.jpg,Flat is a blue mouse and My Melody’s best friend. He’s a bit shy and loves spending time with My Melody. They’re almost always seen hanging out together.,1990,Sanrio,Mouse,Male
Littleforestfellow,https://cdn.shopify.com/s/files/1/0683/0194/7201/files/1_480x480.jpg,"Also known as Mellow, Littleforestfellow is My Melody’s cousin. He likes collecting buttons, and was given a red hood by My Melody, which he treasures. His catchphrase is “nanodesu,” meaning 'a bit strange' or 'interesting'.",1999,Sanrio,Rabbit,Male
My Sweet Piano,https://static.wikia.nocookie.net/hellokitty/images/e/eb/Sanrio_Characters_My_Sweet_Piano_Image024.png,"My Sweet Piano is a soft, girly, and kind sheep character. She loves playing the piano and making flower crowns and necklaces. My Sweet Piano is My Melody’s best friend.",1976,Sanrio,Sheep,Female
Hangyodon,https://static.wikia.nocookie.net/hellokitty/images/d/d9/Sanrio_Characters_Hangyodon_Image004.png,"Half-fish, half-person, Hangyodon is a nice guy who loves to make people around him laugh. He’s a softie who doesn’t really like to be left alone. Though he’s shy around women, he’s a huge romantic. Hangyodon wants to be a hero someday.",1980,Sanrio,Fish/Person,Male
Sayuri,https://static.wikia.nocookie.net/hellokitty/images/3/35/Sayuri1.png,Sayuri is Hangyodon’s best friend. She’s an optimistic and curious female octopus who loves collecting fans. Her favorite food is dumplings and sour foods made with lots of vinegar. Sayuri is very flexible and can do acrobatic moves.,1980,Sanrio,Octopus,Female
Kiki,https://images.shoutwiki.com/sanrio/4/4a/Kiki.png,"Kiki is the younger brother of the Little Twin Stars with short blue hair. He loves fishing for stars and inventing things. This cheeky cutie is curious about everything in the world! Before he was given a name, he and his sister Lala were known as the Charmers.",1975,Yōko Matsumoto,Star,Male
Lala,https://images.shoutwiki.com/sanrio/8/86/Lala.png,"Lala is the older sister of the Little Twin Stars. She has long pink hair and can be a bit timid. Lala loves writing poems, drawing, and cooking. She often worries about her younger brother, Kiki, as he tends to get into dangerous situations with his curiosity.",1975,Yōko Matsumoto,Star,Female
Lili,https://cdn.shopify.com/s/files/1/0683/0194/7201/files/lili_240x240_cacf1e02-7de5-497e-a287-5665037e7648_480x480.jpg,Lili is a twin witch girl from the Magical Twin Comets. She wears a ponytail and a purple pendant around her neck. Lili has a boyish and energetic personality. She specializes in spells using moon drops and is childhood friends with Kiki and Lala.,1980,Sanrio,Witch,Female
Lulu,https://cdn.shopify.com/s/files/1/0683/0194/7201/files/lulu_240x240_119880cd-a7c2-4f63-81b5-1210de955e74_480x480.jpg,"Lulu is the other twin in the Magical Twin Comets. She has twin tails and wears a red pendant. Lulu is talkative, loves fashion, and specializes in spells using star fragments. She is best friends with Lili and the Little Twin Stars.",1980,Sanrio,Witch,Female
Tuxedosam,https://static.wikia.nocookie.net/hellokitty/images/1/1f/Sanrio_Characters_Tuxedosam_Image002.png,"Tuxedosam is a fashionable young penguin from Tuxedo Island. He’s the older brother of Tam and Pam and loves looking good. Tuxedosam has 365 bow ties and speaks English well, though he can be clumsy and occasionally overeats.",1980,Sanrio,Penguin,Male
Tam,https://cdn.shopify.com/s/files/1/0683/0194/7201/files/sub-tuxedosam-tam_480x480.png,Tam is the shy but sweet youngest brother of Tuxedosam. He has a special talent for calming people around him and loves snoozing. Tam is also fond of collecting pajamas.,1980,Sanrio,Penguin,Male
Pam,https://cdn.shopify.com/s/files/1/0683/0194/7201/files/sub-tuxedosam-pam_480x480.png,Pam is the energetic younger brother of Tuxedosam. He's always looking for fun and exciting things to do and loves collecting hats. Pam is the life of the party.,1980,Sanrio,Penguin,Male
Badtz-Maru,https://static.wikia.nocookie.net/hello-yoshi/images/3/3b/Badz_maru_2d.png,"Bad Badtz-Maru is the bad boy of the kawaii world. He has a signature pose where he pulls down one eye and sticks out his tongue. Though mischievous, he has a soft heart and dreams of becoming the boss of everything when he grows up.",1993,Hisato Inoue,Penguin,Male
Hana-Maru,https://cdn.shopify.com/s/files/1/0683/0194/7201/files/sub-badtzmaru-goodshanamaru_480x480.png,Hana-Maru is the opposite of Badtz-Maru and his best friend. He’s a friendly seal who loves ball acrobatics and taking care of flowers. He’s also part of Badtz-Maru’s special XO clan.,1993,Sanrio,Seal,Male
Tsunko,https://cdn.shopify.com/s/files/1/0683/0194/7201/files/sub-badtzmaru-badtunko_480x480.png,"Tsunko is Badtz-Maru’s mischievous younger sister. She enjoys dressing as a nurse and playing pranks, even though she’s younger than her brother. Tsunko loves ballet and strikes poses whenever she speaks.",1993,Sanrio,Penguin,Female
Cogimyun,https://static.wikia.nocookie.net/hellokitty/images/e/e0/Sanrio_Characters_Cogimyun_Image005.png,"Cogimyun is a cute wheat flour fairy, also known as a Cogimuna. She is sensitive and easily falls apart. Cogimyun dreams of becoming an onigiri rice ball because it’s her grandpa’s favorite food. She is accompanied by her pet, Ebifurai.",2016,Sanrio,Wheat Flour Fairy,Female
Ebifurai,https://cdn.shopify.com/s/files/1/0683/0194/7201/files/sub-cogimyun-ebifly_480x480.png,"Ebifurai is Cogimyun’s pet, a fried shrimp, also known as Ebi-chan. Though they argue at times, Ebifurai is supportive of Cogimyun and was found in the forest by her when she was young.",2016,Sanrio,Fried Shrimp,Male
Keroppi,https://cdn.shopify.com/s/files/1/0683/0194/7201/files/Koroppi_240x240.png,"Keroppi, also known as Kero Kero Keroppi, is a small frog from Donut Pond. He's extremely optimistic, loves to swim, and has a bubbly personality. His mouth is typically seen in a V-shape when closed.",1988,Miyuki Okumura,Frog,Male
Den Den,https://cdn.shopify.com/s/files/1/0683/0194/7201/files/sub-keroppi-denden_d399e18b-b85a-462d-aba8-38d04e9e7f5b_480x480.png,"Den Den is a trusty snail and Keroppi's best friend. He is often seen tagging along with Keroppi, even if he’s a little slower.",1988,Sanrio,Snail,Male
Gudetama,https://static1.cbrimages.com/wordpress/wp-content/uploads/2022/12/gudetama-classic.jpg,Gudetama is the lazy egg who loves soy sauce and being left alone. His name is a blend of 'gude gude' (meaning sluggish) and 'tamago' (meaning egg). He’s known for his apathetic attitude and laid-back personality.,2013,Sanrio,Chick,Male
Hardboiled,https://static.wikia.nocookie.net/hellokitty/images/1/18/Hard-Boiled.png,"Hardboiled is another egg character like Gudetama but with thick, menacing eyebrows. He was created after being boiled for more than 15 minutes, which might explain his jaded attitude.",2014,Sanrio,Egg,Male
PiHai,https://cdn.shopify.com/s/files/1/0683/0194/7201/files/04_PiHAi_480x480.jpg,"PiHai is a black fox who loves mangoes, apples, and grapes. He’s a member of Jochum and dreams of becoming a pilot. His charm point is his baggy clothes! When he’s not sticking out his tongue, PiHai seems to have an expressionless face. He represents JO1 member Sukai Kinjo.",2020,Sanrio,Fox,Male
Rain,https://cdn.shopify.com/s/files/1/0683/0194/7201/files/sub-jhochum-rain_480x480.png,"Rain is a blue fox born on March 2, who is a magician with dreams of surprising people with his magic. He’s PiHai’s older brother in Jochum. His luscious blue coat is his charm point, and his favorite color is blue. He represents JO1 member Ren Kawashiri.",2020,Sanrio,Fox,Male
Miken,https://cdn.shopify.com/s/files/1/0683/0194/7201/files/sub-jhochum-micoon_480x480.png,"Miken is a light blue microphone character from Jochum. Unlike Rain and PiHai, Miken isn’t an animal. His dream is to make everyone happy with a song that everyone can sing together. He loves long walks, eating out, sleeping, and singing. Miken represents Junki Kono from JO1.",2020,Sanrio,Microphone,Male
Chimata,https://cdn.shopify.com/s/files/1/0683/0194/7201/files/sub-jhochum-chimata_480x480.png,"Chimata is a purple rabbit with a fluffy white tail, representing Syoya Kimata from JO1. His charm point is his sparkly purple eyes. He loves sushi so much that his dream is to eat all the sushi in the world. Chimata also loves playing games and often wears black headphones.",2020,Sanrio,Rabbit,Male
Yunakami,https://cdn.shopify.com/s/files/1/0683/0194/7201/files/sub-jhochum-ya-nu-ka-mi_480x480.png,"Yunakami is a green dragon with a purple tail, representing Sho Yonashiro from JO1. His dream is to be a guardian deity and he loves staying at home to protect the house. His favorite colors are green and orange, and he enjoys snacks like chocolate chip cookies and sata andagi.",2020,Sanrio,Dragon,Male
Mamechi,https://cdn.shopify.com/s/files/1/0683/0194/7201/files/sub-jhochum-mamechi_480x480.png,"Mamechi is a tan corgi representing Mamehara Issie from JO1. He admires heroes and dreams of becoming one. Mamechi enjoys motorcycle touring, nature, and fighting to protect people’s smiles.",2020,Sanrio,Corgi,Male
Popoh,https://cdn.shopify.com/s/files/1/0683/0194/7201/files/sub-jhochum-pop-poh_480x480.png,"Popoh is a pink penguin with a strawberry on its head! He’s easygoing and loves to sleep and eat, especially ice cream in strawberry, chocolate, and mint flavors. Popoh’s catchphrase is “Yappo!” and he represents Takumi Kawanishi from JO1.",2020,Sanrio,Penguin,Male
Chulala,https://cdn.shopify.com/s/files/1/0683/0194/7201/files/sub-jhochum-chulala_480x480.png,"Chulala is a gray chihuahua with a purple octopus hat that can shoot lasers. He loves traveling space and dreams of invading it. Chulala’s favorite color is the darkest shade of black, and he represents Shion Tsurubo from JO1.",2020,Sanrio,Chihuahua,Male
Moco,https://cdn.shopify.com/s/files/1/0683/0194/7201/files/sub-jhochum-moco_480x480.png,"Moco is an angel, unlike the other Jochum members who are animals. He represents Shosei Ohira from JO1. Moco’s favorite place is above the clouds and his dream is to make everyone in the world happy. He just wants to make people feel better!",2020,Sanrio,Angel,Male
Ruru,https://cdn.shopify.com/s/files/1/0683/0194/7201/files/sub-jhochum-ruru_480x480.png,"Ruru is a fluffy white dog with a crown on its head, representing Ruki Shirowa from JO1. He loves desserts like crepes, daigaku, and parfaits and can sleep anywhere as long as he has his pacifier.",2020,Sanrio,Dog,Male
Bira,https://cdn.shopify.com/s/files/1/0683/0194/7201/files/sub-jhochum-bira_480x480.png,"Bira is a bright sunflower with red lips in the shape of a heart. He enjoys sunny weather and sunshine, and his charm point is his flower petals. Bira represents Keigo Sato from JO1.",2020,Sanrio,Sunflower,Male
Landlord,https://cdn.shopify.com/s/files/1/0683/0194/7201/files/sub-jhochum-ooya_480x480.png,"Landlord is the name given to the cutie who manages the house where the Jochum gang resides. Not much is known about their personal life, but they are an important part of the Jochum family.",2020,Sanrio,Human,Male
Wish Me Mell,https://cdn.shopify.com/s/files/1/0683/0194/7201/files/mv-wishmemell_480x480.png,Wish Me Mell is a clumsy but kind rabbit who helps deliver mail around Merci Hills. She loves collecting stamps and writing letters. Mell was created to represent kind phrases like 'I like you' and 'Thank you.' She was designed for young women who are too shy to express their feelings.,2010,Miyuki Okumura,Rabbit,Female
Mai Mai,https://cdn.shopify.com/s/files/1/0683/0194/7201/files/2715e9221d593097a8a9c397c310c61f_480x480.jpg,"Mai Mai is a gentle pink puppy who represents the Japanese pop singer Mai Kuraki. Like the singer, Mai Mai expresses her feelings through songs that cheer people up. She loves playing the piano and her favorite food is watermelon.",2010,Mai Kuraki,Puppy,Female
Ahiru no Pekkle,https://www.sanrio.com.hk/_ul/character_profile_ahirunopekkle.png,"Pekkle is a white duck with orange legs, known for his love of tap dancing and taking dance lessons. He’s a gentle and kind-hearted boy and plays the keyboard in the Hapidanbui.",1994,Sanrio,Duck,Male
Pitch,https://cdn.shopify.com/s/files/1/0683/0194/7201/files/sub-pekkle-pitchi-1_56b192cb-efb6-4ddf-83fd-7d15918b1ee8_480x480.png,Pitch is a fish who is good friends with Pekkle and even teaches him how to swim. His biggest dream is to live outside the water and roam on land.,1994,Sanrio,Fish,Male
Ran,https://cdn.shopify.com/s/files/1/0683/0194/7201/files/sub-pekkle-ran-1_480x480.png,Ran is a small but ambitious fish who dreams of becoming a model. She is Pekkle’s best friend and shares the same birthday as Pitch and Chap.,1994,Sanrio,Fish,Female
Chap,https://cdn.shopify.com/s/files/1/0683/0194/7201/files/sub-pekkle-chap-1_480x480.png,Chap is a fish who shares the same birthday as Pitch and Ran. He dreams of becoming a professional surfer. He is another of Pekkle’s fish friends.,1994,Sanrio,Fish,Male
Kirimichan,https://cdn.shopify.com/s/files/1/0683/0194/7201/files/F-Zx5PebIAA-nnK_481a1a0e-d0f0-4955-92c7-951b2c4a7c67_480x480.jpg,Kirimichan is based on a slice of salmon who dreams of being part of a delicious meal. She was born when someone sliced a piece of fish on August 31st. Kirimichan’s closest friend is Kamaboko-chan.,2011,Sanrio,Salmon Slice,Female
Kamaboko-chan,https://cdn.shopify.com/s/files/1/0683/0194/7201/files/sub-kirimichan-kamabokochan_f6c89c6b-03eb-4f74-a469-c951eeddcd1d_480x480.png,"Kamaboko-chan is based on cured surimi, a Japanese processed seafood product. She is a bit clumsy but caring and loves having girl talks. She is one of Kirimichan’s closest friends.",2011,Sanrio,Surimi,Female
Takuwanwan,https://cdn.shopify.com/s/files/1/0683/0194/7201/files/sub-kirimichan-takuwanwan_480x480.png,"Takuwanwan is Kirimichan’s pet, whom she rescued from the Takuwanwan protection facility. Takuwanwan wasn’t close to Kirimichan at first, but now they are very attached.",2011,Sanrio,Pickled Radish,Female
Ichigo-chan with Condensed Milk,https://cdn.shopify.com/s/files/1/0683/0194/7201/files/sub-kirimichan-ichigochan_480x480.png,"Ichigo-chan was born when condensed milk was poured over a strawberry. She works hard every day to promote happiness, always reflecting her favorite's emotions.",2011,Sanrio,Strawberry,Female
Magurokun,https://cdn.shopify.com/s/files/1/0683/0194/7201/files/sub-kirimichan-magurokun_480x480.png,Maguro-kun is a stylish tuna who wears a wasabi hat and loves traveling the world. He often shares stories of his adventures with Kirimichan.,2011,Sanrio,Tuna,Male
Cyan,https://static.wikia.nocookie.net/show-by-rock-fes-a-live/images/7/79/Cyan_sd.png,"Cyan is the main heroine of *Show by Rock!!*, a member of the band Plasmagica. She has a straightforward but gentle personality and loves Gothic Lolita fashion.",2012,Sanrio,Human,Female
ChuChu,https://static.wikia.nocookie.net/hellokitty/images/2/23/Sanrio_Characters_Chu~Chu~Ta~co_Image006.png,"ChuChu is the charismatic leader of Plasmagica and the main vocalist. Though she secretly dreams of being a solo artist, she enjoys being with her bandmates.",2012,Sanrio,Human,Female
Retoree,https://static.wikia.nocookie.net/show-by-rock-fes-a-live/images/7/78/Retoree_full.png,Retoree is the bassist and vocalist of Plasmagica. She has a cool and cold exterior but is more complex than she appears. Her bass is called 'Blue Station.,2012,Sanrio,Human,Female
Moa,https://pbs.twimg.com/media/FFNdWCnXoAIKhTK?format=jpg&name=900x900,"Moa is the drummer and vocalist of Plasmagica, often juggling her band responsibilities with her job at a bedding store. Her drums are called 'Super Cosmos.'",2012,Sanrio,Human,Female
Crow,https://static.wikia.nocookie.net/show-by-rock-fes-a-live/images/f/f6/Crow_full.png,Crow is the lead vocalist and guitarist of ShinganCrimsonZ. He comes from a family of dairy farmers and is defensive about his background. His guitar is called 'Red Tomahawk.,2012,Sanrio,Human,Male
Yaiba,https://static.wikia.nocookie.net/show-by-rock-fes-a-live/images/a/a9/Yaiba_full.png,"Yaiba plays bass for ShinganCrimsonZ and has a deep respect for the soul of rock and Bushido. His bass, 'Ryukenden,' is shaped like a katana.",2012,Sanrio,Human,Male
Rom,https://cdn.shopify.com/s/files/1/0683/0194/7201/files/Rom_anime_480x480.webp?v=1707182450,"Rom is the drummer of ShinganCrimsonZ and the band's leader. He is hot-blooded and proud of his physique, often showing it off in front of his bandmates.",2012,Sanrio,Human,Male
Moppu,https://cdn.shopify.com/s/files/1/0683/0194/7201/files/sanrio-marumofubiyori-pack_480x480.png,"Moppu is a polar bear cub who loves to laze around at home, always draped in his favorite blanket. He’s a homebody who lives with a girl roommate who works at an aquarium. Moppu’s name comes from the way he drags his blanket around like mopping the floor.",2011,Sanrio,Polar Bear,Male
Gyoniku,https://cdn.shopify.com/s/files/1/0683/0194/7201/files/sub-marumofubiyori-gyoniku_2ea6a064-f072-427d-b6c1-daec95c191ae_480x480.png,"Gyoniku is a stuffed fish plushie given to Moppu by his roommate. It has a mysterious antenna on its head, and Moppu isn’t sure what kind of fish it is. Gyoniku is known for living at its own pace.",2011,Sanrio,Stuffed Fish,Male
Kanikama,https://cdn.shopify.com/s/files/1/0683/0194/7201/files/sub-marumofubiyori-kanikama_480x480.png,"Kanikama is a stuffed crab, a reliable and calm character in the Marumofubiyori group. She was given to Moppu by his girl roommate. Sometimes, she’s scared of the future, but she’s always there for Moppu.",2011,Sanrio,Stuffed Crab,Female
Ruby,https://cdn.shopify.com/s/files/1/0683/0194/7201/files/sub-jewelpet-ruby_d0a733bc-be1b-4973-b2d3-d7ecd283c647_480x480.png,Ruby is a polite and clean Jewelpet who loves cherry blossom season. She’s the mascot of the Jewelpet franchise and her gem name is Kogyuko.,2008,Sanrio,Magical Animal,Female
Garnet,https://cdn.shopify.com/s/files/1/0683/0194/7201/files/sub-jewelpet-garnet_480x480.png,Garnet is a hardworking Jewelpet who takes great pride in his beautiful coat. His gem name is the same as his real name. He is one of the three mascots of the Jewelpet franchise.,2008,Sanrio,Magical Animal,Male
Safi,https://cdn.shopify.com/s/files/1/0683/0194/7201/files/sub-jewelpet-sapphie_480x480.png,"Safi is a quiet and understated Jewelpet with the gem name Sapphire. She loves spending time by windows, looking out into the world. She is one of the three mascots of the Jewelpet franchise.",2008,Sanrio,Magical Animal,Female
Labra,https://cdn.shopify.com/s/files/1/0683/0194/7201/files/sub-jewelpet-labra_480x480.png,"Labra is a baby Jewelpet also known by the name Labradorite. Although it can't use magic well yet, Labra might have a great power hiding inside it.",2008,Sanrio,Magical Animal,Male
Call,https://cdn.shopify.com/s/files/1/0683/0194/7201/files/sub-jewelpet-coal_480x480.png,"Call is a Jewelpet known for its patience and perseverance, never giving up even when it fails. Its gem name is Coal, and it loves nibbling on leaves in grasslands or near water.",2008,Sanrio,Magical Animal,Male
Granite,https://cdn.shopify.com/s/files/1/0683/0194/7201/files/sub-jewelpet-granite_e592a843-29bc-4269-9787-10676f5033f9_480x480.png,"Granite is a calm and gentle Jewelpet who loves to spend time in trees. His gem name is also Granite, and he’s a perfectionist who doesn't like showing any weakness.",2008,Sanrio,Magical Animal,Male
Rua,https://cdn.shopify.com/s/files/1/0683/0194/7201/files/sub-jewelpet-luea_480x480.png,"Rua is a bright and positive Jewelpet with many talents, including playing piano, dancing, and singing. Her gem name is Blue Apatite.",2008,Sanrio,Magical Animal,Female
Jasper,https://cdn.shopify.com/s/files/1/0683/0194/7201/files/sub-jewelpet-jasper_480x480.png,"Jasper is a quiet Jewelpet who, despite his cool exterior, is very kind and smart. His gem name is also Jasper.",2008,Sanrio,Magical Animal,Male
Shirousa,https://static.wikia.nocookie.net/sanrio/images/9/97/Shirousa.png,"Shirousa is a white bunny and one of the two main characters of the Sugarbunnies universe. He is the twin brother of Kurousa, and together they are skilled patissiers who make sweets.",2004,Sanrio,Rabbit,Male
Kurousa,https://cdn.shopify.com/s/files/1/0683/0194/7201/files/Kurousa_480x480.png,"Kurousa is a brown bunny and the twin brother of Shirousa. Like his brother, he specializes in making pastries, especially cream cakes. They live in Bunniesfield and make sweets together.",2004,Sanrio,Rabbit,Male
Momousa,https://cdn.shopify.com/s/files/1/0683/0194/7201/files/sub-sugarbunnies-momousa_6b81c106-afa4-46a5-9a64-f7250f33f90f_480x480.png,Momousa is a florist bunny and the older twin sister of Hanausa. She has an excellent sense of flower arrangement and loves working with flowers.,2004,Sanrio,Rabbit,Female
Hanausa,https://cdn.shopify.com/s/files/1/0683/0194/7201/files/sub-sugarbunnies-hanausa_480x480.png,Hanausa is a florist bunny and the younger twin sister of Momousa. She has a deep bond with flowers and is great friends with them.,2004,Sanrio,Rabbit,Female
Strawberryusa,https://cdn.shopify.com/s/files/1/0683/0194/7201/files/sub-sugarbunnies-strawberryusa_480x480.png,"Strawberryusa is a rabbit who works as a jam maker. She’s skilled at growing fruits, especially strawberries, and she loves creating sweet treats.",2004,Sanrio,Rabbit,Female
Blueberryusa,https://cdn.shopify.com/s/files/1/0683/0194/7201/files/sub-sugarbunnies-blueberryusa_480x480.png,Blueberryusa is the twin of Strawberryusa and also works as a jam maker. She is a talented cook and loves hosting parties.,2004,Sanrio,Rabbit,Female
Shinta,https://cdn.shopify.com/s/files/1/0683/0194/7201/files/lead_1_c12f70bb-9c2f-49bb-9bfb-06908de1021f_480x480.png,"Shinta is a bright and lively boy with red hair and blue eyes. He stands out at the nursery for his energetic and gentle nature. Honest and cute, Shinta often wears a white shirt with black shorts.",2019,Sanrio,Human,Male
Hikaru,https://cdn.shopify.com/s/files/1/0683/0194/7201/files/lead_2_480x480.png,"Hikaru is a responsible and fair young girl, loved by everyone in the nursery. She is seen as an older sister figure and can be sweet towards her childhood best friend, Maria.",2019,Sanrio,Human,Female
Daigoro,https://cdn.shopify.com/s/files/1/0683/0194/7201/files/lead_3_480x480.png,Daigoro is an energetic young boy with orange hair and green eyes. He brings happiness to everyone around him with his cheerful spirit. He loves to exercise and gets hungry easily.,2019,Sanrio,Human,Male
Kanata,https://cdn.shopify.com/s/files/1/0683/0194/7201/files/lead_4_480x480.png,"Kanata has yellow hair with blue highlights and enjoys wearing a blue-gray jacket and gray shorts. Though he can be a bit naughty, he seeks attention and always carries his plushie, Hinata, around.",2019,Sanrio,Human,Male
Hayate,https://cdn.shopify.com/s/files/1/0683/0194/7201/files/lead_5_480x480.png,"Hayate is an independent boy who tends to keep his distance from others. Despite his tough exterior, he’s insightful and thoughtful. He has gray hair, pink eyes, and often wears a black mask and purple jacket.",2019,Sanrio,Human,Male
Yuu Okada,https://cdn.shopify.com/s/files/1/0683/0194/7201/files/lead_6_480x480.png,"Yuu Okada is the male teacher of the nursery. Though kind and bright, he lacks experience and can be indecisive, making him appear unreliable at times. Yuu strives to build good relationships with the children.",2019,Sanrio,Human,Male
Rumi-sensei,https://cdn.shopify.com/s/files/1/0683/0194/7201/files/lead_7_480x480.png,"Rumi is a strong, dependable senior teacher at the nursery. She’s well-liked by students, parents, and coworkers alike. Calm and collected, Rumi is always there to help the children stay calm.",2019,Sanrio,Human,Female
Nya,https://cdn.shopify.com/s/files/1/0683/0194/7201/files/sub-nyaninyunyenyon-nya_6b8abe6b-a12d-480f-93ce-75cf6b2ca2bc_480x480.png,Nya is the most mature and solid of the five kittens in the Nya Ni Nyu Ne Nyon family. He’s a cheeky and confident little kitty who often takes charge.,2021,Sanrio,Kitten,Male
Nyu,https://cdn.shopify.com/s/files/1/0683/0194/7201/files/sub-nyaninyunyenyon-nyu_480x480.png,"Nyu, though the youngest of the kittens, acts like a bit of a baby. He’s always craving milk and is the most adorable of the bunch.",2021,Sanrio,Kitten,Male
Ne,https://cdn.shopify.com/s/files/1/0683/0194/7201/files/sub-nyaninyunyenyon-nye_480x480.png,"Ne is the fashionable and trendy kitten of the group. With a precocious personality, she always stands out with her stylish looks and adventurous spirit.",2021,Sanrio,Kitten,Female
Nyon,https://cdn.shopify.com/s/files/1/0683/0194/7201/files/sub-nyaninyunyenyon-nyon_480x480.png,"Nyon is the troublemaker of the group, always stirring up mischief and making things more interesting. Despite his naughty nature, he’s lovable and full of energy.",2021,Sanrio,Kitten,Male
Retsuko,https://static.wikia.nocookie.net/hellokitty/images/7/7d/Sanrio_Characters_Aggretsuko_Image002.gif,"Retsuko is a red panda working in the accounting department of a trading company. She’s an introvert with social anxiety, and she vents her frustrations by singing death metal at karaoke.",2016,Sanrio,Red Panda,Female
Washimi,https://static.wikia.nocookie.net/hellokitty/images/a/a0/Washimi.png,Washimi is a beautiful secretary bird who works as the secretary to the company president. She’s highly skilled and perceptive but can become frustrated with the president’s shortcomings.,2016,Sanrio,Gorilla,Female
Director Ton,https://64.media.tumblr.com/09cff8b599581db4d9261bbf46c4812d/ba5f2d6be388e103-98/s400x600/3aa595cc50554b0641133630f7e2ef9ec321abf3.jpg,Director Ton is Retsuko’s supervisor and a cantankerous pig. He holds traditional beliefs about gender roles and often bullies Retsuko for her quiet nature.,2016,Sanrio,Pig,Male
Feneko,https://static.wikia.nocookie.net/aggretsuko/images/3/3f/FennekoHappy.jpg,"Feneko is a fennec fox working in the same department as Retsuko. Unlike Retsuko, she’s more adept at managing work and personal life, though she shares many of the same complaints about their boss.",2016,Sanrio,Fennec Fox,Female
Haida,https://pbs.twimg.com/media/EgiVY5rXgAgAs9G?format=jpg,Haida is a hyena who works in the same department as Retsuko. He’s interested in her but struggles to connect with her due to her low self-confidence. He’s often teased by Feneko about his crush.,2016,Sanrio,Hyena,Male
Tadano-kun,https://cdn.shopify.com/s/files/1/0683/0194/7201/files/sub-retsuko-tadano_480x480.png,"Tadano is an IT genius and president who believes in using AI to improve efficiency. He’s a bit rough around the edges, making it hard for others to understand his softer side, especially Retsuko.",2016,Sanrio,Human,Male
Resasuke,https://cdn.shopify.com/s/files/1/0683/0194/7201/files/sub-retsuko-resasuke_480x480.png,"Resasuke is a mysterious red panda who moves at his own pace and enjoys plants. Though initially attractive, Retsuko soon realizes he’s not as perfect as he seemed.",2016,Sanrio,Red Panda,Male
Chum,https://cdn.shopify.com/s/files/1/0683/0194/7201/files/cheery_chums_480x480.jpg,"Chum is a fun-loving bunny who loves baking cakes, cookies, and having parties. She’s friendly but often feels lonely.",2021,Sanrio,Bunny,Female
Pam,https://cdn.shopify.com/s/files/1/0683/0194/7201/files/sub-cheerychums-bum_480x480.png,Pam is a dependable leader and a gentle but strong elephant boy. He’s friends with Chum and often supports her in her endeavors.,2021,Sanrio,Pig,Male
Myu,https://cdn.shopify.com/s/files/1/0683/0194/7201/files/sub-cheerychums-myu_480x480.png,"Myu is a mischievous cat who loves to play outside. He’s cute and hard to hate, but he often causes trouble for others.",2021,Sanrio,Cat,Male
Muu,https://cdn.shopify.com/s/files/1/0683/0194/7201/files/sub-cheerychums-muu_480x480.png,Mu is a knowledgeable and studious bear boy who is fashionable and listens to others’ concerns. He’s thoughtful and always ready to help.,2021,Sanrio,Bear,Male
Chuu,https://cdn.shopify.com/s/files/1/0683/0194/7201/files/sub-cheerychums-chu_480x480.png,Chuu is a spoiled and clumsy little mouse who can’t calm down unless Chum is around to help him. He’s a bit of a handful but still lovable.,2021,Sanrio,Mouse,Male
Okuba,https://cdn.shopify.com/s/files/1/0683/0194/7201/files/sub-hagurumanstyle-okuba_8e54ed05-345a-4fe6-8227-03adf8af32e2_480x480.png,"Okuba is a hard-working and humble back molar tooth. Often feeling overlooked, Okuba takes pride in his work and is always trying his best.",2022,Sanrio,Tooth,Male
Ohaguro,https://cdn.shopify.com/s/files/1/0683/0194/7201/files/sub-hagurumanstyle-ohaguro_a0038205-a671-494d-a1fa-fe166f26759a_480x480.png,Ohaguro is a polite and mysterious tooth who only appears after eating dark food. He’s wise and always gives good advice.,2022,Sanrio,Tooth,Male
Deppa,https://cdn.shopify.com/s/files/1/0683/0194/7201/files/sub-hagurumanstyle-deppa_480x480.png,Deppa is a tooth with a Kansai dialect. He’s a moodmaker who enjoys using humor and often freezes others with his sharp remarks.,2022,Sanrio,Tooth,Male
Yaeba,https://cdn.shopify.com/s/files/1/0683/0194/7201/files/sub-hagurumanstyle-yaeba_480x480.png,Yaeba is a firm and fashionable businesswoman tooth who wears red lipstick. She has a bright smile but struggles with self-esteem due to her double teeth.,2022,Sanrio,Tooth,Female
Kinba,https://cdn.shopify.com/s/files/1/0683/0194/7201/files/sub-hagurumanstyle-kinba_480x480.png,Kinba is a gold tooth who’s wealthy and financially savvy. He’s a powerful and flexible leader in the Hagurumanstyle group.,2022,"Sanrio""",Tooth,Male
Ginba,https://cdn.shopify.com/s/files/1/0683/0194/7201/files/sub-hagurumanstyle-ginba_480x480.png,Ginba is a silver tooth with high tension and a desire to stand out. He’s stoic and loyal but often suffers from anxiety.,2022,Sanrio,Tooth,Male
Zonbiba,https://cdn.shopify.com/s/files/1/0683/0194/7201/files/sub-hagurumanstyle-zonbiba_480x480.png,"Zonbiba is a callous zombie tooth. Though he seems insensitive, his resilience and ease with life make him a lovable member of the group.",2022,Sanrio,Tooth,Male
Implant,https://cdn.shopify.com/s/files/1/0683/0194/7201/files/sub-hagurumanstyle-implant_480x480.png,"Implant is a high-tech, handsome tooth with a dazzling aura. Though he seems perfect, he’s struggling with emptiness and a lack of fulfillment.",2022,Sanrio,Tooth,Male
Plaque Teeth,https://cdn.shopify.com/s/files/1/0683/0194/7201/files/sub-hagurumanstyle-plaque_480x480.png,"Plaque Teeth is a dual-personality tooth who’s calculating and manipulative, using his cuteness to control others.",2022,Sanrio,Tooth,Male
Kenshiro,https://cdn.shopify.com/s/files/1/0683/0194/7201/files/sub-hagurumanstyle-kenshirou_480x480.png,"Kenshiro is a canine tooth (pet dog tooth). He’s tough and dependable, always looking out for others.",2022,Sanrio,Tooth,Male
Kibanyan,https://cdn.shopify.com/s/files/1/0683/0194/7201/files/sub-hagurumanstyle-kibanyan_480x480.png,Kibanyan is a zombie tooth cat with a sweet and mischievous personality.,2020,Sanrio,Kitten,Female
Peko,https://cdn.shopify.com/s/files/1/0683/0194/7201/files/sub-mewkledreamy-peko_480x480.png,"Peko is a chatty, playful kitten with a big love for food. He’s a key member of the Mewkledreamy group and loves to entertain.",2020,Sanrio,Kitten,Male
Suu,https://cdn.shopify.com/s/files/1/0683/0194/7201/files/sub-mewkledreamy-suu_480x480.png,Suu is a reliable and kind kitten who helps others with her abilities. She can detect Black Abysses and rewind time.,2020,Sanrio,Kitten,Female
Rei,https://cdn.shopify.com/s/files/1/0683/0194/7201/files/sub-mewkledreamy-rei_480x480.png,"Rei is a tough, cool kitten who refers to himself as a prince. He has a royal air about him and is very charming.",2020,Sanrio,Kitten,Male
Chia,https://cdn.shopify.com/s/files/1/0683/0194/7201/files/sub-mewkledreamy-chia_480x480.png,"Chia is a sweet, cuddly baby kitten who is the princess of Miracle Dreamy Kingdom. She has a magical flower inside her heart.",2020,Sanrio,Kitten,Female
Yuni,https://cdn.shopify.com/s/files/1/0683/0194/7201/files/sub-mewkledreamy-yuni_480x480.png,"Yuni is a prankster kitten who can be clumsy, but cares deeply for Tsugi and Hagi. He created them out of loneliness.",2020,Sanrio,Kitten,Male
Tsugi,https://cdn.shopify.com/s/files/1/0683/0194/7201/files/sub-mewkledreamy-tsugi_b82fb4e7-b581-43fb-96fc-f6718c1ec852_480x480.png,Tsugi is a two-piece kitten created by Yuni. She’s sweet and loves Yuni very much.,2020,Sanrio,Kitten,Male
Mia,https://cdn.shopify.com/s/files/1/0683/0194/7201/files/sub-beatcats-mia_480x480.png,"A pink cat that wears a large, black bow, Mia loves observing girls whose hearts are pounding with wild ideas. Her ears and her hot-and-cold personality are what makes Mia interesting. She loves sweet things, especially strawberry-flavored chocolate. Mia also loves romcoms. When she transforms into her vampire state, she gets wings on her back and the tips of her ears, paws, and tail become grey. Her pupils also get slimmer!",Unknown,Sanrio,Cat,Female
Chelsea,https://cdn.shopify.com/s/files/1/0683/0194/7201/files/sub-beatcats-chelsea_480x480.png,"Chelsea is a light blue stripped cat with a clear, whispery voice. Though her comments can be harsh, they always come from a good place of friendship. This cat is always sleepy! She enjoys Vocaloid music and electronics. In her vampire form, Chelsea gains wings and the tips of her ears, and the stripes on her body become dark grey.",Unknown,Sanrio,Cat,Female
Rico,https://cdn.shopify.com/s/files/1/0683/0194/7201/files/sub-beatcats-rico_480x480.png,"A yellow zombie cat with patches and a frazzled lion tail, Rico is a member of Beatcats that’s full of energy and tension. Her tongue tends to hang out of her mouth! Rico is an agile dancer - she loves running and exercising. When she turns into a vampire like Mia and Chelsea she gets wings on her back and the stitched parts of her body become dark grey. This cutie loves eating meat like a lion!",Unknown,Sanrio,Zombie Cat,Female
Layla,https://cdn.shopify.com/s/files/1/0683/0194/7201/files/sub-beatcats-layla_480x480.png,"Always wearing her headphones on, Layla is a purple cat with a sharklike patch going down her face. She has an expression that doesn’t change that much even though she’s always paying attention to the things going on around her. Layla livens up the Beatcats performance with her rap! When she transforms into her vampire form she gets wings on her back and parts of her body become grey. Her pupils also get slimmer like Mia.",Unknown,Sanrio,Cat,Female
Emma,https://cdn.shopify.com/s/files/1/0683/0194/7201/files/sub-beatcats-emma_480x480.png,"Gentle and kind, Emma is a fluffy-mint green cat with bows on her head. She’s a bit of an airhead, though she’s not entirely convinced that she is one. A flexible kitty, Emma can dance gracefully. In her vampire form, this cat gets wings on her back and the tips of ears, paws, and tail turn grey. She loves mint chocolate chip ice cream and nice, long baths.",Unknown,Sanrio,Cat,Female
Lip,https://cdn.shopify.com/s/files/1/0683/0194/7201/files/list-rilurilufairilu_480x480.png,"Lip is a pink tulip Fairilu who cries easily but has a kind heart and does not give up. She is in love with Drop, Nozomu’s Fairilu form. She struggled to open the Door of Birth but was encouraged by Nozomu. She always thinks of him.",2015,Sanrio & Sega,Fairilu,Female
Himawari,https://cdn.shopify.com/s/files/1/0683/0194/7201/files/sub-rilurilufairilu-himawari_1c4c13a0-53a1-4587-be82-1215bf115223_480x480.png,Himawari is a sunflower Fairilu who is innocent and cheerful. She is good at dancing and is very popular with everyone for her shining bright personality.,2015,Sanrio & Sega,Fairilu,Female
Sumire,https://cdn.shopify.com/s/files/1/0683/0194/7201/files/sub-rilurilufairilu-sumire_480x480.png,"Sumire is a violet Fairilu who is good at painting and likes beautiful things. Extremely sensitive, her dream is to be a fashion designer.",2015,Sanrio & Sega,Fairilu,Female
Rose,https://cdn.shopify.com/s/files/1/0683/0194/7201/files/sub-rilurilufairilu-rose_480x480.png,"Rose is a red rose Fairilu who is hard-working and proud. She first saw Lip as her rival, but through Lip’s efforts, she learned to get along with others. She is good at hair styling and cosmetic blending but is also a bit clumsy.",2015,Sanrio & Sega,Fairilu,Female
Rin,https://cdn.shopify.com/s/files/1/0683/0194/7201/files/sub-rilurilufairilu-rin_480x480.png,Rin is a carefree and sweet purple Fairilu born one year later than the other Fairilus. She likes making perfumes and hopes to create perfumes that can help people’s feelings.,2015,Sanrio & Sega,Fairilu,Female
Ichigoman,https://cdn.shopify.com/s/files/1/0683/0194/7201/files/ichigoman_480x480.png,"Ichigoman is the alter ego of Hello Kitty, a superhero that fights monsters created by humans with wicked, unhappy hearts. She was born when Kitty White stumbled on an ancient picture book and was transformed into Ichigoman after raising the strawberry-shaped smartphone.",2011,Sanrio,Cat (Hello Kitty Alter Ego),Female
Dark Grape Man,https://cdn.shopify.com/s/files/1/0683/0194/7201/files/list-darkgrapeman_480x480.png,Dark Grape Man is Ichigoman’s partner in crime. Known for his signature line 'Martial Artist of Justice! Dark Grape Man!' he attacks his enemies and uses a secret weapon in his sidecar.,2011,Sanrio,Cat (Hello Kitty Alter Ego),Male
Honeymomo,https://cdn.shopify.com/s/files/1/0683/0194/7201/files/list-honeymomo_480x480.png,"A peach-inspired cat hero, Honeymomo is Dark Grape Man’s sexy secretary. Though she seems cute and unassuming, Honeymomo is a martial arts expert who can surpass both Dark Grape Man and Ichigoman.",2011,Sanrio,Cat,Female
Sakura,https://cdn.shopify.com/s/files/1/0683/0194/7201/files/sakura_9ba928c8-e7d5-4023-a1d5-c7ad808695dc_480x480.png,A curious and positive bunny Bosamaru who loves helping others. She lives with her grandma and always says 'Let's try it!' no matter how difficult the task. She's easily swayed by others and cares deeply for people.,1997,Not specified,Bosamaru (bunny),Female
Kathy,https://cdn.shopify.com/s/files/1/0683/0194/7201/files/kathy_480x480.png,"A veteran stray cat Bosamaru. Kathy is calm and lazy at work. She stays around Sakura's house and enjoys lazing around, moving at her own pace.",2000,Not specified,Bosamaru (cat),Female
Ran,https://cdn.shopify.com/s/files/1/0683/0194/7201/files/ran_480x480.png,"A clean and knowledgeable hamster Bosamaru who lives next to Sakura's house. She is easygoing but impatient, often being bullied by dogs. She has experience with human culture and is very knowledgeable.",Not provided,Sanrio,Bosamaru (hamster),Female
Alfredaloha,https://cdn.shopify.com/s/files/1/0683/0194/7201/files/list-alfredaloha_480x480.png,"A posh elephant who likes wearing shirts, hats, and sunglasses. His color can be either yellow or brown.",1986,Sanrio,Elephant,Male
Chelsea Stripes,https://cdn.shopify.com/s/files/1/0683/0194/7201/files/list-chelseastripes_480x480.png,A pair of fairies who wear striped clothing and pointy hats. They appear at twilight on Chelsea Street.,1980,Sanrio,Fairy,Unspecified
Fancy Elephant,https://cdn.shopify.com/s/files/1/0683/0194/7201/files/list-fancyelephant_480x480.png,A fancy elephant character made for the Fancy Friends line.,1977,Sanrio,Elephant,Unspecified
Funnybones,https://cdn.shopify.com/s/files/1/0683/0194/7201/files/list-funnybones_480x480.png,"A dog character with a polka dot ribbon around its neck, created as part of the Fancy Friends lineup.",1992,Sanrio,Dog,Unspecified
Hanatousagi,https://static.wikia.nocookie.net/hellokitty/images/0/03/Sanrio_Characters_Hanatousagi_Image006.png,A rabbit character whose name means 'flowers and rabbits' in Japanese.,1993,Sanrio,Rabbit,Unspecified
Hopty Copty,https://cdn.shopify.com/s/files/1/0683/0194/7201/files/list-hoptycopty_480x480.png,"A colorful and cheerful helicopter boy.,Not provided,Sanrio,Helicopter",Not provided,Sanrio,Helicopter,Male
House Train,https://cdn.shopify.com/s/files/1/0683/0194/7201/files/mv-housetrain_480x480.png,"A unique character that is both a house and a train, running freely through the world of dreams.",1981,Sanrio,Train/House,Unspecified
Howdy (Kidsbear),https://cdn.shopify.com/s/files/1/0683/0194/7201/files/list-kidsbear_480x480.png,"Howdy (ハウディ, Haudi), also known as KIDSBEAR (キッズベア), is a yellow bear character from the Japanese company Sanrio. With tiny little eyes filled with kindness and his signature bright red bow tie, Howdy has the unique talent of warming the hearts of those around him. He's seen either with or without a mouth, and has even been seen with brown fur instead of yellow.",1979,Sanrio,Bear,Male
Kamome,https://cdn.shopify.com/s/files/1/0683/0194/7201/files/list-kamome_480x480.png,A seagull character designed for Fancy Friends.,1985,Sanrio,Seagull,Unspecified
Hummingmint,https://cdn.shopify.com/s/files/1/0683/0194/7201/files/list-hummingmint_480x480.png,"A female fawn character, Hummingmint was born in the beautiful mint-green northern night. A curious and gentle creature, she loves to sing. Hummingmint lives in the forest with the birds and the flowers. She has a pink, heart-shaped nose.",2014,Sanrio,Deer,Female
Monsieur Marin,https://cdn.shopify.com/s/files/1/0683/0194/7201/files/list-monsieurmarin_480x480.png,A European art-inspired male character created for the Fancy Friends lineup.,1985,Sanrio,Human/Anthropomorph,Male
Playin' Paradise,https://static.wikia.nocookie.net/hellokitty/images/c/cc/Sanrio_Characters_Playin_Paradise_Image006.png,"A group of characters consisting of a rabbit, dog, and cat, created for the Fancy Friends lineup.",1979,Sanrio,"Rabbit, Dog, Cat",Unspecified
Little Train,https://cdn.shopify.com/s/files/1/0683/0194/7201/files/mv-littletrain_480x480.png,A cute retro design of a train character created for Fancy Friends.,1977,Sanrio,Train,Unspecified
The Mainstream,https://cdn.shopify.com/s/files/1/0683/0194/7201/files/mv-themainstream_480x480.png,"A group of characters consisting of a boy rabbit, a boy bear, and a girl cat, made for the Fancy Friends brand.",1985,Sanrio,"Rabbit, Bear, Cat",Female
Toby Trix,https://cdn.shopify.com/s/files/1/0683/0194/7201/files/list-tobbytrix_480x480.png,"A white animal with pointy ears, resembling a fox, created for the Fancy Friends lineup.",1985,Sanrio,Fox-like,Unspecified
Winkipinki,https://static.wikia.nocookie.net/sanrio/images/b/b2/Winkipinki.png,A fashionable and romantic cat character from Sanrio's Fancy Friends lineup.,1984,Sanrio,Various Animals,"Mouse, Bear, Cat, Pig"
Zou Jitensha,https://cdn.shopify.com/s/files/1/0683/0194/7201/files/list-zoujitensha_480x480.png,"An elephant character created for Fancy Friends, whose name translates to 'Elephant Bicycle'.",1981,Sanrio,Elephant,Unspecified
Adorozatorumary,https://cdn.shopify.com/s/files/1/0683/0194/7201/files/adorozatorumary_480x480.png,"Adorozatorumary is a cat-like cutie created in collaboration with Japanese singer Ado. She was born from an egg and has an insatiable appetite for everything, including things like paper, flowers, and even metal!",2024,Sanrio & Ado,Cat-like,Female
Arie,https://cdn.shopify.com/s/files/1/0683/0194/7201/files/arie_b077b9a2-8831-42b4-b909-294a334f2431_480x480.png,"Arie is an orange cat-like character from Sanrio English Master. He loves kiwi and curry but isn’t very athletic. Despite his cool persona, he struggles with sports.",2024,Sanrio,Cat-like,Male
Atchan ga Ichiban!,https://cdn.shopify.com/s/files/1/0683/0194/7201/files/accyangaichiban_480x480.png,"Atchan is a curious baby character who loves adventure. He can talk to trees, flowers, and animals in baby talk. His real name is a secret, and he can be mischievous at times.",2024,Sanrio,Baby,Male
Ayankey,https://cdn.shopify.com/s/files/1/0683/0194/7201/files/ayankey_480x480.jpg,Ayankey is a pink monkey born out of collaboration between Sanrio and actress Aya Matsura. She has heart beads on her tail and was created to keep Aya company when she feels lonely.,2004,Sanrio & Aya Matsura,Monkey,Female
Beetroid,https://cdn.shopify.com/s/files/1/0683/0194/7201/files/beetroid_480x480.png,Beetroid is a group of insectoid androids designed to understand human language. They aim to create a world where humans and insects can coexist peacefully.,2024,Sanrio,Insectoid Android,Multiple
Benjaminbear,https://cdn.shopify.com/s/files/1/0683/0194/7201/files/list-benjaminbear_480x480.png,"Benjaminbear is a teddy bear who loves cooking and traveling. Born in the Charlotte Forest, he's an independent bear who always helps his friends in need.",2024,Sanrio,Bear,Male
Bestfriend's Story,https://cdn.shopify.com/s/files/1/0683/0194/7201/files/list-bestfriendsstory_480x480.png,Bestfriend's Story follows a mouse family living in a lonely hotel in the cold north. The story is set in a remote countryside where the mice embark on adventures.,1985,Sanrio,Mouse,Multiple
B. Hills Kid,https://cdn.shopify.com/s/files/1/0683/0194/7201/files/list-bhillskid_480x480.png,"B. Hills Kid, also known as Philip Allen, is a smart and independent dog from Beverly Hills. His parents are busy, so he often stays home alone.",1987,Sanrio,Dog,Male
Billy Pie,https://cdn.shopify.com/s/files/1/0683/0194/7201/files/list-billypie_480x480.png,Billy Pie is a white bear with a mysterious hat. This retro character debuted in 1981 and is known for its unique charm and whimsical nature.,1981,Sanrio,Bear,Male
Big Challenge,https://cdn.shopify.com/s/files/1/0683/0194/7201/files/mv-bigchallenges_480x480.png,Big Challenge is a goofy crocodile character who is always smiling. He first appeared in 1978 but didn't gain prominence until 45 years later in the Hello Kitty Island Adventure game.,1978,Sanrio,Crocodile,Male
Bogo the City Boy,https://cdn.shopify.com/s/files/1/0683/0194/7201/files/list-bogothecityboy_480x480.png,"Bogo is a city boy, likely a gorilla, who loves music and stays up to date with the latest trends. He is a true urban character.",1980s,Sanrio,Gorilla,Male
Boo Gey Woo,https://cdn.shopify.com/s/files/1/0683/0194/7201/files/mv-boogeywoo_480x480.png,"Boo Gey Woo is a group of three pig siblings who want to open a restaurant along a national highway. Boo is the head cook, Gey loves croquettes, and Woo is the caring eldest daughter.",1980s,Sanrio,Pig,Multiple
Boo Gie Boo,https://static.wikia.nocookie.net/hellokitty/images/e/ef/Sanrio_Characters_Boo_Gie_Boo_Image007.png,Boo Gie Boo is a naughty white dog who loves adventures and wears a blue hat. This retro character debuted in 1978.,1978,Sanrio,Dog,Male
Bonbonribbon,https://cdn.shopify.com/s/files/1/0683/0194/7201/files/83538770_480x480_88b62ff1-5457-485e-8158-5e1c32c202e4_480x480.png,"Bonbonribbon is a fashionable pink rabbit who dreams of becoming a fashion designer, just like her mother. She is known for the ribbon on her head, which is her charm point.",2012,Sanrio,Rabbit,Female
Boy & Girl,https://cdn.shopify.com/s/files/1/0683/0194/7201/files/list-boyandgirl_480x480.png,Boy & Girl are simple characters dressed in plain blue and red clothes. They are best friends who bring happiness to everyone they meet.,1978,Sanrio,Human,"Boy, Girl"
Brownies' Story,https://cdn.shopify.com/s/files/1/0683/0194/7201/files/mv-browniesstory_480x480.png,"Living in a cute animal village, the Brownies’ Story is a group of three close friends born on the night of the Spring Moon Festival. They are only children. Penny is a chicken with a laidback and easygoing personality. She grows veggies and plays the accordion. Jingle the dog is romantic and good-natured. He loves going on walks and taking time fishing. Rex, the fox, is the last member of the group. He’s fast-paced, strong-willed, and inventive.  The group made its debut in 1986.",1986,Kyomi Suzuki,"Bird, Dog, Fox",Male
Bubble Cheeks,https://cdn.shopify.com/s/files/1/0683/0194/7201/files/mv-bubblecheeks_480x480.png,"Bubble Cheeks is a group of three characters—a rabbit, a bear, and a mouse—who live in Peppermint Village, where there’s always something interesting happening.",1981,Sanrio,Various,Multiple
Devilmintkiryu,https://cdn.shopify.com/s/files/1/0683/0194/7201/files/mv-devilmintkiryu_480x480.png,"This petite girl comes from the Devilmint Kiryu tribe. Living alone in an old apartment, Devilmint Kiryu is great at detailed work and games that require concentration. She cooks for herself and is confident in her skills at frying eggs. This cutie can shoot beans from her horns.",2019,Sanrio,Devilmint Kiryu tribe,Female
DinDonDanny,https://cdn.shopify.com/s/files/1/0683/0194/7201/files/list-dindondanny_480x480.png,"A group of three energetic brothers, DinDonDanny always gets along pretty well. It’s named that way because the bear brothers' names are Din, Don, and Danny! Put together it is DinDonDanny.",1989,Not specified,Bear brothers,Male
Dokidoki Yummychums,https://cdn.shopify.com/s/files/1/0683/0194/7201/files/list-dokidoki_480x480.png,"Dokidoki Yummychums is a cute burger character from Sanrio. Sometimes you see it with its friend, Dokidoki fries.",2003,Sanrio,Burger character/Food,Male
Donjarahoi,https://cdn.shopify.com/s/files/1/0683/0194/7201/files/mv-donjarahoi_480x480.png,"Donjarahoi is a group of animal characters that include a cow, a raccoon, a fox, a wild boar, a goat, and a mouse. The name of the group translates to 'longevity' in English. Each member of the group loves festivals and has different skills they show off during the festival season.",1989,Hisato Inoue,"Animals including Cow, Raccoon, Fox, Mouse, Wild Boar, Goat",Mixed
Dopey Demons,https://cdn.shopify.com/s/files/1/0683/0194/7201/files/list-dopeydemons_480x480.png,"A pair of silly characters, the Dopey Demons are mixed bunnies like Kuromi. They enjoy wearing demon-like costumes, that’s why they’re called Dopey Demons. Not only that, but they’re a bit clumsy and filled with mischief. Coming to Earth on a cloud from outer space, these two have a knack for dark jokes.",1979,Not specified,Bunny-Demon hybrid,Not specified
Dreamtale Kubear,https://cdn.shopify.com/s/files/1/0683/0194/7201/files/mv-dreamtalekubear_480x480.png,"A sweet duck character, Duckadoo is always wearing a straw hat. This mature duck has a shy personality with a quaint country style. People seem to like that about her. She’s also very fashionable.",1987,Not specified,Duck,Female
Fairy Charmer,https://cdn.shopify.com/s/files/1/0683/0194/7201/files/list-fairycharmer_480x480.png,Fairy Charmer is a girl flower fairy with a pure heart. She brings happiness to everyone!,2012,Not specified,Car,Not specified
Fragaria Memories,https://cdn.shopify.com/s/files/1/0683/0194/7201/files/mv-fragariamemories_480x480.png,"A multimedia fantasy project by Sanrio, Fragaria Memories showcases a number of unique anime characters and kingdoms.",2023,Sanrio,Human,Male
Framboiloulou,https://cdn.shopify.com/s/files/1/0683/0194/7201/files/mv-framboiloulou_480x480.png,"Framboiloulou is made up of a little girl named Lulu and her big teddy bear named Fram. They were created for older girls and women who love romance. Lulu is a five-year-old girl who lives with Fram, a raspberry-colored bear she found in Paris.",2010,Sanrio,Girl and Teddy Bear,Female
Frooliemew,https://cdn.shopify.com/s/files/1/0683/0194/7201/files/list-frooliemew_480x480.png,"A girl cat with fluffy pink fur, Frooliemew loves cute things. She likes hearts, checks, and ribbons! This cutie was made by Sanrio in 2004.",2004,Sanrio,Cat,Female
Fresh Punch,https://cdn.shopify.com/s/files/1/0683/0194/7201/files/list-freshpunch_480x480.png,"Fresh Punch isn’t a character but a Sanrio design collection that debuted in 1981. It features candy, lipstick, and other items. It is somehow considered a character in the Sanrio universe.",1981,Sanrio,Design collection,Not specified
Fukuchan,https://cdn.shopify.com/s/files/1/0683/0194/7201/files/fukuchan_480x480.png,"Fukuchan is the mascot dog of the Japanese drug store 'Kusuri no Fukutaro.' He’s a cute dog who loves soccer, football, and art. His trademark is a blue and white striped shirt.",1997,Sanrio,Dog,Male
Fun Come Alive,https://cdn.shopify.com/s/files/1/0683/0194/7201/files/mv-funcomealive_480x480.png,Fun Come Alive is a group of stylish sports-loving bears who attend the Los Angeles Bear Academy. They are known for their Ivy League fashion.,1983,Sanrio,Bears,Mixed
Fuwaranpukaran,https://cdn.shopify.com/s/files/1/0683/0194/7201/files/mv-fuwaranpukaran_480x480.png,Fuwaranpukaran is a white creature with a long tail that changes color depending on their mood. They float around like a balloon and are accompanied by a small bird named Tori.,2022,Sanrio,Creature,Not specified
Fuzzie's Family,https://cdn.shopify.com/s/files/1/0683/0194/7201/files/list-fuzziesfamily_480x480.png,Fuzzie’s Family is made of a paper bear and its cub. They are very close and debuted in 1987.,1987,Sanrio,Paper bear,Mixed
Kumamilen,https://cdn.shopify.com/s/files/1/0683/0194/7201/files/mv-kumamilen_480x480.png,"Kumamilen is a group of alien bears from the planet Bearth. The main character, Guu, is an orange bear who loves eating and is lazy. He enjoys honey-filled pancakes and is often seen with UFB, a mysterious floating entity.",2022,Sanrio,Alien Bear,Male
Landry,https://static.wikia.nocookie.net/sanrio/images/7/73/Landry.png,Landry is a raccoon who lives in a wash basin and loves to wash things. He is cheeky and loves eating. He made his debut in 1990.,1990,Sanrio,Raccoon,Male
Laughing Woman,https://static.wikia.nocookie.net/hellokitty/images/a/a4/Sanrio_Characters_Warau_Onna_Image003.png,A mysterious girl who makes everyone around her happy with her bright smile. She suddenly appears with a loud 'hahahaha' laugh.,Unknown,Sanrio,Human,Female
Leosuke,https://cdn.shopify.com/s/files/1/0683/0194/7201/files/leosuke_480x480.png,"Leosuke is a lion with a beautiful violet mane, created by enka singer Leon Niihama. Leosuke's popularity increased in 2023 when he ranked 84th in the Sanrio ranking.",2023,Leon Niihama,Lion,Male
Les Nonours,https://cdn.shopify.com/s/files/1/0683/0194/7201/files/list-lesnounours_480x480.png,"Les Nonours are a group of dancing teddy bears from Sanrio. The name means 'stuffed bears' in French, and their skill at dancing steals the spotlight.",Unknown,Sanrio,Teddy Bear,Varies
Little Cottonwood Cottage,https://cdn.shopify.com/s/files/1/0683/0194/7201/files/mv-lcc_480x480.png,"A group of elf-like characters who live in the woods of Cottonwood Field. Each character has a unique talent such as music, talking to animals, or making instruments.",1990,Sanrio,Elf,Varies
Little Lovin,https://cdn.shopify.com/s/files/1/0683/0194/7201/files/p_634_02_480x480.jpg,A boy dog with brown fur and droopy black ears. Littlelovin loves eating ogura toast and wears a white hat.,2008,Sanrio,Dog,Male
Lookyloo,https://cdn.shopify.com/s/files/1/0683/0194/7201/files/list-lookyloo_480x480.png,"Lookyloo is a giraffe with a silly face, known for her vivid colors and simple patterns. Often, only her neck and head are visible.",1988,Sanrio,Giraffe,Female
Loveedays,https://cdn.shopify.com/s/files/1/0683/0194/7201/files/list-loveedays_480x480.png,A duo of a cat and a mouse who get along wonderfully. They are known for their heartwarming friendship.,1977,Sanrio,Angel,Varies
Puchipuchi Wanko,https://cdn.shopify.com/s/files/1/0683/0194/7201/files/list-puchipuchiwanko_480x480.png,"A tiny, tiny dog boy, Puchipuchi Wanko is the same size as 3 strawberries. Born on a strawberry farm, he was accidentally shipped out while snacking on berries. He's on an adventure to get back to his hometown farm.",2002,Sanrio,Dog,Male
Pukapuka Paradise,https://cdn.shopify.com/s/files/1/0683/0194/7201/files/mv-pukapukaparadise_480x480.png,Pukapuka is a mischievous sea creature that may be an octopus or jellyfish. Sometimes it gets electrocuted by jellyfish and almost dies.,1991,Sanrio,Octupus or Squid,Female
Puppie Luv,https://cdn.shopify.com/s/files/1/0683/0194/7201/files/mv-puppieluv_480x480.png,"An animal group made up of a rabbit (Stylish Rabbit), a dog (Gentleman Dog), a cat (Smarty Cat), and a bear (Sporty Girlfriend Bear). Each character has a distinct personality.",1980,Sanrio,"Rabbit, Dog, Cat, Bear",Mixed
Puripuriunpies,https://cdn.shopify.com/s/files/1/0683/0194/7201/files/mv-puripuriunpies_480x480.png,"The Puripuriunpies is a group of 4 'unpi nymphs' aspiring to be like Hello Kitty. The group consists of Moririn (ice cream-shaped), Hyororon (blue fairy), Kororon (yellow fairy), and Yururun (orange fairy).",2023,Sanrio,"Fairy, Ice Cream",Mixed
Pururun Kyupi,https://cdn.shopify.com/s/files/1/0683/0194/7201/files/list-pururunkyupi_480x480.png,Pururun Kyupi is a white water fairy that can only be seen by people with beautiful hearts. Kyupi enjoys fortune-telling and can make everyone happy with her presence.,2002,Sanrio,Fairy,Female
Puwawa,https://cdn.shopify.com/s/files/1/0683/0194/7201/files/list-puwawa_480x480.png,"A yellow Umibozu from old Japanese folklore, Puwawa is genderless and gets along with all living things. Born on a full moon night, it enjoys collecting shells.",1995,Sanrio,Yokai (Umibozu),Unknown
Qui-Quaks,https://cdn.shopify.com/s/files/1/0683/0194/7201/files/list-quiquaks_480x480.png,"A group of ducks resembling Huey, Dewey, and Louie from Disney, Qui-Quaks includes a mischievous dad and a female duck named Queenie-chan.","Not specified""",Sanrio,Duck,Mixed
Risuru,https://cdn.shopify.com/s/files/1/0683/0194/7201/files/risuru_34b8500b-cf25-4bce-b8f0-549890fdff9d_480x480.jpg,A brown squirrel character created in 2003. Risuru has managed to remain relevant and was ranked 78th in Sanrio's 2023 ranking.,2003,Sanrio,Squirrel,Unknown
Robby Rabbit,https://cdn.shopify.com/s/files/1/0683/0194/7201/files/list-robbyrabbit_480x480.png,A clumsy but hardworking rabbit who is not good at jumping. Robby loves motorcycles and skateboards and is a third-grade student at the Harevill School in Rabbit Town.,1975,Sanrio,Rabbit,Male
Robearta,https://cdn.shopify.com/s/files/1/0683/0194/7201/files/list-robearta_480x480.png,A prima ballerina girl bear who has a boyish side. She loves ballet but also enjoys activities considered more masculine.,1985,Sanrio,Bear,Female
Wee marylou,https://cdn.shopify.com/s/files/1/0683/0194/7201/files/list-weemarylou_480x480.png,"An adorable little girl with a big ribbon on her back, Wee Marylou loves ribbons. Her room is filled with ribbons that she treasures. One day, a ribbon fairy floated over to give her a ribbon as a gift for being kind. Ever since then, the two have been such good friends!",1980,Sanrio,Human,Female
Whiskers & Paw,https://cdn.shopify.com/s/files/1/0683/0194/7201/files/list-whiskersandpaws_480x480.png,"A group of animal characters from Sanrio, Whiskers & Paws made its debut in 1996. It includes cats, dogs, bears, rabbits, dolphins, and even penguins.",1996,Sanrio,Animal group,Various
Kappa no Kappy,https://cdn.shopify.com/s/files/1/0683/0194/7201/files/list-kappanokappy_480x480.png,"Kappa no Kappy is a Sanrio character based on a kappa, a mythical water creature from Japan. It loves nature and wears a backpack! This creature loves cucumbers so much that it can even make cucumber ribs! It has many mysterious friends like the flower girl Rinrin and the Otamacopter. ",1993,Sanrio,Mythical Creature,Not specified
Winning Jack,https://cdn.shopify.com/s/files/1/0683/0194/7201/files/mv-winningjack_480x480.png,"This pair of characters is made up of a dog named Jack and a chicken named Nugget. According to Sanrio, these two are dreamy and fun characters who appear to have come right out of a fairytale!",1985,Sanrio,"Dog, Chicken",Male (Both)
Yachiyo Charmer,https://cdn.shopify.com/s/files/1/0683/0194/7201/files/list-yachiyocharmer_480x480.png,This character is an elegant Japanese girl with a short bob wearing a kimono.,1974,Sanrio,Human,Female
Yoshikitty,https://cdn.shopify.com/s/files/1/0683/0194/7201/files/yoshikitty_480x480.jpg,"A girl cat based off Yoshiki Hayashi, the leader of the popular visual kei band, X Japan. She specializes in rock-themed items. This cutie was created by one of the designers of Hello Kitty, Yuko Yamaguchi. At one time, in 2018, Yoshikitty was voted more popular than Hello Kitty herself in the Sanrio Character Ranking.",2018,Yuko Yamaguchi,Cat,Female
Youkai Kids,https://cdn.shopify.com/s/files/1/0683/0194/7201/files/list-youkaikids_480x480.png,"This is a group of second generation of monsters that appear in the summer. It includes Drumsuko, the son of Baron Dracula. There's also Muiragon the mummy, Majorine the witch, Shiranken the laid-back boy, Ooolong the dragon, Oomori, the information broker, Kappei the kappa, and a whole lot more.",Not provided,Not provided,Monsters,Various
Yutakun,https://cdn.shopify.com/s/files/1/0683/0194/7201/files/list-yutakun_480x480.png,"A ghost who loves watermelon and hates the cold, Yutakun thinks his transparent body is his charm point. This ghost worries about not being impressive at all because he always sleeps and relaxes until noon.",1986,Sanrio,"Hunam, Mythical Creatures, Bat",Male
Zashikubuta,https://cdn.shopify.com/s/files/1/0683/0194/7201/files/list-zashikibuta_480x480.png,"Zashikubuta is a Sanrio pig that’s curious and laid back at the same time. Like most pigs, he loves to eat. This character spends most of his days making foods like sweets. He also likes growing vegetables together with his mouse friend, Tabby.",1984,Yumiko Kobayashi,Pig,Male
Zippyzoo,https://cdn.shopify.com/s/files/1/0683/0194/7201/files/mv-zippyzoo_480x480.png,The Zippyzoo is a group of colorful animal characters. They love to run together!,1983,Sanrio,Animal group,Various